B1,20171120113303,1,2017,69505,Ke1001,株式会社大洋建設,1,60000,28000,70.7,100,0,2,120000,64000,60000,28000,70.7,100,0,6,360000,192000,60000,28000,70.7,100,0,3,180000,96000,60000,28000,70.7,100,0,5,300000,160000,60000,28000,70.7,100,0,2,120000,64000,60000,28000,70.7,100,0,6,360000,192000,60000,28000,70.7,100,0,6,360000,192000,60000,28000,70.7,100,0,0,0,0,60000,28000,70.7,100,0,3,180000,96000,60000,28000,70.7,100,0,1,60000,32000,60000,28000,70.7,100,0,1,60000,32000,60000,28000,70.7,100,0,2,120000,64000
B1,20171120113303,1,2017,69505,Ke2001,株式会社大洋建設,2,439000,386000,70.7,100,0,3,1317000,159000,350000,300000,70.7,100,0,5,1750000,250000,350000,280000,70.7,100,0,2,700000,140000,439000,386000,70.7,100,0,2,878000,106000,439000,386000,70.7,100,0,2,878000,106000,350000,320000,70.7,100,0,3,1050000,90000,439000,386000,70.7,100,0,1,439000,53000,280000,240000,70.7,100,0,4,1120000,160000,439000,386000,70.7,100,0,2,878000,106000,320000,260000,70.7,100,0,2,640000,120000,439000,386000,70.7,100,0,2,878000,106000,439000,386000,70.7,100,0,2,878000,106000
B1,20171120113303,1,2017,50542,Ke1002,株式会社アーネストワン札幌営業所,1,17000,16000,71,34.1,0,3,51000,3000,17000,16000,71,34.1,0,6,102000,6000,17000,16000,71,34.1,0,13,221000,13000,17000,16000,71,34.1,0,10,170000,10000,17000,16000,71,34.1,0,6,102000,6000,17000,16000,71,34.1,0,15,255000,15000,17000,16000,71,34.1,0,5,85000,5000,17000,16000,71,34.1,0,0,0,0,17000,16000,71,34.1,0,0,0,0,17000,16000,71,34.1,0,0,0,0,17000,16000,71,34.1,0,0,0,0,17000,16000,71,34.1,0,6,102000,6000
B1,20171120113303,1,2017,50542,Ke1003,株式会社アーネストワン札幌営業所,1,39000,0,71,34.1,0,1,39000,39000,39000,0,71,34.1,0,0,0,0,39000,0,71,34.1,0,4,156000,156000,39000,0,71,34.1,0,4,156000,156000,39000,0,71,34.1,0,4,156000,156000,39000,0,71,34.1,0,0,0,0,39000,0,71,34.1,0,2,78000,78000,39000,0,71,34.1,0,1,39000,39000,39000,0,71,34.1,0,0,0,0,39000,0,71,34.1,0,0,0,0,39000,0,71,34.1,0,0,0,0,39000,0,71,34.1,0,0,0,0
B1,20171120113303,1,2017,50542,Ke2001,株式会社アーネストワン札幌営業所,2,730000,664000,71,34.1,0,1,730000,66000,600000,500000,71,34.1,0,3,1800000,300000,450000,350000,71,34.1,0,2,900000,200000,730000,664000,71,34.1,0,2,1460000,132000,730000,664000,71,34.1,0,2,1460000,132000,400000,370000,71,34.1,0,5,2000000,150000,450000,400000,71,34.1,0,2,900000,100000,530000,480000,71,34.1,0,3,1590000,150000,730000,664000,71,34.1,0,0,0,0,730000,664000,71,34.1,0,0,0,0,730000,664000,71,34.1,0,0,0,0,450000,400000,71,34.1,0,3,1350000,150000
B1,20171120113303,1,2017,68946,Ke1001,株式会社アシスト企画,1,75000,27000,62.2,87,0,3,225000,144000,75000,27000,62.2,87,0,5,375000,240000,75000,27000,62.2,87,0,5,375000,240000,75000,27000,62.2,87,0,2,150000,96000,75000,27000,62.2,87,0,6,450000,288000,75000,27000,62.2,87,0,5,375000,240000,75000,27000,62.2,87,0,2,150000,96000,75000,27000,62.2,87,0,0,0,0,75000,27000,62.2,87,0,3,225000,144000,75000,27000,62.2,87,0,1,75000,48000,75000,27000,62.2,87,0,1,75000,48000,75000,27000,62.2,87,0,4,300000,192000
B1,20171120113303,1,2017,68946,Ke2001,株式会社アシスト企画,2,525000,467000,62.2,87,0,2,1050000,116000,525000,480000,62.2,87,0,2,1050000,90000,480000,450000,62.2,87,0,3,1440000,90000,525000,467000,62.2,87,0,2,1050000,116000,525000,467000,62.2,87,0,2,1050000,116000,500000,440000,62.2,87,0,2,1000000,120000,525000,467000,62.2,87,0,1,525000,58000,525000,467000,62.2,87,0,3,1575000,174000,525000,467000,62.2,87,0,2,1050000,116000,525000,467000,62.2,87,0,2,1050000,116000,525000,467000,62.2,87,0,1,525000,58000,525000,467000,62.2,87,0,3,1575000,174000
B1,20171120113303,1,2017,65939,Ke1001,株式会社ハウジングコバヤシ,1,75000,25000,65.6,95.2,0,4,300000,200000,75000,25000,65.6,95.2,0,2,150000,100000,75000,25000,65.6,95.2,0,4,300000,200000,75000,25000,65.6,95.2,0,4,300000,200000,75000,25000,65.6,95.2,0,3,225000,150000,75000,25000,65.6,95.2,0,6,450000,300000,75000,25000,65.6,95.2,0,1,75000,50000,75000,25000,65.6,95.2,0,3,225000,150000,75000,25000,65.6,95.2,0,2,150000,100000,75000,25000,65.6,95.2,0,1,75000,50000,75000,25000,65.6,95.2,0,0,0,0,75000,25000,65.6,95.2,0,2,150000,100000
B1,20171120113303,1,2017,65939,Ke2001,株式会社ハウジングコバヤシ,2,332000,293000,65.6,95.2,0,0,0,0,332000,293000,65.6,95.2,0,3,996000,117000,332000,293000,65.6,95.2,0,1,332000,39000,332000,293000,65.6,95.2,0,2,664000,78000,332000,293000,65.6,95.2,0,2,664000,78000,332000,293000,65.6,95.2,0,2,664000,78000,332000,293000,65.6,95.2,0,1,332000,39000,332000,293000,65.6,95.2,0,1,332000,39000,332000,293000,65.6,95.2,0,2,664000,78000,332000,293000,65.6,95.2,0,1,332000,39000,332000,293000,65.6,95.2,0,0,0,0,332000,293000,65.6,95.2,0,1,332000,39000
B1,20171120113303,1,2017,64844,Ke1001,株式会社ホーム企画センター,1,50000,22000,67,17.7,90.9,14,700000,392000,50000,22000,67,17.7,90.9,10,500000,280000,50000,22000,67,17.7,90.9,20,1000000,560000,50000,22000,67,17.7,90.9,23,1150000,644000,50000,22000,67,17.7,90.9,8,400000,224000,50000,22000,67,17.7,90.9,12,600000,336000,50000,22000,67,17.7,90.9,6,300000,168000,50000,22000,67,17.7,90.9,6,300000,168000,50000,22000,67,17.7,90.9,17,850000,476000,50000,22000,67,17.7,90.9,0,0,0,50000,22000,67,17.7,90.9,1,50000,28000,50000,22000,67,17.7,90.9,2,100000,56000
B1,20171120113303,1,2017,64844,Ke2001,株式会社ホーム企画センター,2,498000,445000,67,17.7,90.9,0,0,0,498000,445000,67,17.7,90.9,0,0,0,400000,360000,67,17.7,90.9,2,800000,80000,498000,445000,67,17.7,90.9,1,498000,53000,498000,445000,67,17.7,90.9,2,996000,106000,498000,445000,67,17.7,90.9,1,498000,53000,498000,445000,67,17.7,90.9,1,498000,53000,498000,445000,67,17.7,90.9,0,0,0,498000,445000,67,17.7,90.9,1,498000,53000,498000,445000,67,17.7,90.9,0,0,0,498000,445000,67,17.7,90.9,0,0,0,498000,445000,67,17.7,90.9,0,0,0
B1,20171120113303,1,2017,64844,Ke2002,株式会社ホーム企画センター,2,40000,0,67,17.7,90.9,2,80000,80000,40000,0,67,17.7,90.9,4,160000,160000,40000,0,67,17.7,90.9,2,80000,80000,40000,0,67,17.7,90.9,6,240000,240000,40000,0,67,17.7,90.9,9,360000,360000,40000,0,67,17.7,90.9,7,280000,280000,40000,0,67,17.7,90.9,10,400000,400000,20000,0,67,17.7,90.9,2,40000,40000,40000,0,67,17.7,90.9,0,0,0,40000,0,67,17.7,90.9,1,40000,40000,40000,0,67,17.7,90.9,2,80000,80000,40000,0,67,17.7,90.9,5,200000,200000
B1,20171120113303,1,2017,22135,Ke1001,有限会社不動産企画ウィル,1,59000,21000,73.2,100,100,3,177000,114000,59000,21000,73.2,100,100,6,354000,228000,59000,21000,73.2,100,100,4,236000,152000,59000,21000,73.2,100,100,6,354000,228000,59000,21000,73.2,100,100,6,354000,228000,59000,21000,73.2,100,100,9,531000,342000,59000,21000,73.2,100,100,9,531000,342000,59000,21000,73.2,100,100,4,236000,152000,59000,21000,73.2,100,100,5,295000,190000,59000,21000,73.2,100,100,1,59000,38000,59000,21000,73.2,100,100,2,118000,76000,59000,21000,73.2,100,100,5,295000,190000
B1,20171120113303,1,2017,22135,Ke1020,有限会社不動産企画ウィル,1,85000,28000,73.2,100,100,2,170000,114000,85000,28000,73.2,100,100,2,170000,114000,85000,28000,73.2,100,100,3,255000,171000,85000,28000,73.2,100,100,2,170000,114000,85000,28000,73.2,100,100,3,255000,171000,85000,28000,73.2,100,100,3,255000,171000,85000,28000,73.2,100,100,3,255000,171000,85000,28000,73.2,100,100,3,255000,171000,85000,28000,73.2,100,100,2,170000,114000,85000,28000,73.2,100,100,0,0,0,85000,28000,73.2,100,100,0,0,0,85000,28000,73.2,100,100,1,85000,57000
B1,20171120113303,1,2017,22135,Ke2002,有限会社不動産企画ウィル,2,20000,0,73.2,100,100,4,80000,80000,20000,0,73.2,100,100,8,160000,160000,20000,0,73.2,100,100,3,60000,60000,20000,0,73.2,100,100,6,120000,120000,20000,0,73.2,100,100,5,100000,100000,20000,0,73.2,100,100,5,100000,100000,20000,0,73.2,100,100,7,140000,140000,20000,0,73.2,100,100,6,120000,120000,40000,0,73.2,100,100,1,40000,40000,20000,0,73.2,100,100,2,40000,40000,20000,0,73.2,100,100,2,40000,40000,20000,0,73.2,100,100,5,100000,100000
B1,20171120113303,1,2017,51709,Ke1001,バリューホーム株式会社,1,80000,31000,60,100,20,2,160000,98000,80000,31000,60,100,20,2,160000,98000,80000,31000,60,100,20,1,80000,49000,80000,31000,60,100,20,1,80000,49000,80000,31000,60,100,20,2,160000,98000,80000,31000,60,100,20,2,160000,98000,80000,31000,60,100,20,4,320000,196000,80000,31000,60,100,20,1,80000,49000,80000,31000,60,100,20,0,0,0,80000,31000,60,100,20,0,0,0,80000,31000,60,100,20,0,0,0,80000,31000,60,100,20,2,160000,98000
B1,20171120113303,1,2017,51709,Ke2001,バリューホーム株式会社,2,667000,600000,60,100,20,0,0,0,667000,600000,60,100,20,2,1334000,134000,667000,600000,60,100,20,4,2668000,268000,667000,600000,60,100,20,1,667000,67000,667000,600000,60,100,20,1,667000,67000,667000,600000,60,100,20,1,667000,67000,667000,600000,60,100,20,1,667000,67000,667000,600000,60,100,20,1,667000,67000,667000,600000,60,100,20,1,667000,67000,667000,600000,60,100,20,1,667000,67000,667000,600000,60,100,20,0,0,0,667000,600000,60,100,20,0,0,0
B1,20171120113303,1,2017,53417,Ke1001,株式会社ホーム企画,1,72000,22000,45,66.7,0,0,0,0,72000,22000,45,66.7,0,0,0,0,72000,22000,45,66.7,0,0,0,0,72000,22000,45,66.7,0,0,0,0,72000,22000,45,66.7,0,4,288000,200000,72000,22000,45,66.7,0,2,144000,100000,72000,22000,45,66.7,0,2,144000,100000,72000,22000,45,66.7,0,5,360000,250000,72000,22000,45,66.7,0,1,72000,50000,72000,22000,45,66.7,0,2,144000,100000,72000,22000,45,66.7,0,1,72000,50000,72000,22000,45,66.7,0,1,72000,50000
B1,20171120113303,1,2017,53417,Ke2001,株式会社ホーム企画,2,777000,680000,45,66.7,0,0,0,0,777000,680000,45,66.7,0,1,777000,97000,777000,680000,45,66.7,0,1,777000,97000,777000,680000,45,66.7,0,0,0,0,777000,680000,45,66.7,0,0,0,0,777000,680000,45,66.7,0,2,1554000,194000,777000,680000,45,66.7,0,1,777000,97000,777000,680000,45,66.7,0,2,1554000,194000,777000,680000,45,66.7,0,1,777000,97000,777000,680000,45,66.7,0,1,777000,97000,777000,680000,45,66.7,0,0,0,0,777000,680000,45,66.7,0,0,0,0
B1,20171120113303,1,2017,68097,Ke1001,株式会社協栄ハウス,1,74000,30000,30.9,90.5,100,6,444000,264000,74000,30000,30.9,90.5,100,6,444000,264000,74000,30000,30.9,90.5,100,6,444000,264000,74000,30000,30.9,90.5,100,7,518000,308000,74000,30000,30.9,90.5,100,6,444000,264000,74000,30000,30.9,90.5,100,3,222000,132000,74000,30000,30.9,90.5,100,10,740000,440000,74000,30000,30.9,90.5,100,6,444000,264000,74000,30000,30.9,90.5,100,6,444000,264000,74000,30000,30.9,90.5,100,2,148000,88000,74000,30000,30.9,90.5,100,1,74000,44000,74000,30000,30.9,90.5,100,2,148000,88000
B1,20171120113303,1,2017,68097,Ke2002,株式会社協栄ハウス,2,18000,0,30.9,90.5,100,1,18000,18000,36000,0,30.9,90.5,100,1,36000,36000,36000,0,30.9,90.5,100,1,36000,36000,18000,0,30.9,90.5,100,1,18000,18000,18000,0,30.9,90.5,100,3,54000,54000,18000,0,30.9,90.5,100,3,54000,54000,18000,0,30.9,90.5,100,3,54000,54000,18000,0,30.9,90.5,100,3,54000,54000,36000,0,30.9,90.5,100,1,36000,36000,18000,0,30.9,90.5,100,1,18000,18000,18000,0,30.9,90.5,100,2,36000,36000,40000,0,30.9,90.5,100,3,120000,120000
B1,20171120113303,1,2017,52504,Ke1001,株式会社ロゴスホーム登別・室蘭営業所,1,70000,25000,42.9,88.9,12.5,1,70000,45000,70000,25000,42.9,88.9,12.5,2,140000,90000,70000,25000,42.9,88.9,12.5,1,70000,45000,70000,25000,42.9,88.9,12.5,1,70000,45000,70000,25000,42.9,88.9,12.5,1,70000,45000,70000,25000,42.9,88.9,12.5,1,70000,45000,70000,25000,42.9,88.9,12.5,2,140000,90000,70000,25000,42.9,88.9,12.5,2,140000,90000,70000,25000,42.9,88.9,12.5,2,140000,90000,70000,25000,42.9,88.9,12.5,2,140000,90000,70000,25000,42.9,88.9,12.5,1,70000,45000,70000,25000,42.9,88.9,12.5,3,210000,135000
B1,20171120113303,1,2017,52504,Ke2001,株式会社ロゴスホーム登別・室蘭営業所,2,529000,503000,42.9,88.9,12.5,0,0,0,529000,503000,42.9,88.9,12.5,0,0,0,529000,503000,42.9,88.9,12.5,0,0,0,529000,503000,42.9,88.9,12.5,0,0,0,529000,503000,42.9,88.9,12.5,0,0,0,529000,503000,42.9,88.9,12.5,0,0,0,529000,503000,42.9,88.9,12.5,0,0,0,529000,503000,42.9,88.9,12.5,1,529000,26000,529000,503000,42.9,88.9,12.5,2,1058000,52000,529000,503000,42.9,88.9,12.5,1,529000,26000,529000,503000,42.9,88.9,12.5,0,0,0,529000,503000,42.9,88.9,12.5,0,0,0
B1,20171120113303,1,2017,67388,Ke1001,大鎮キムラ建設株式会社,1,69000,25000,64.5,97.5,97.4,7,483000,308000,69000,25000,64.5,97.5,97.4,6,414000,264000,69000,25000,64.5,97.5,97.4,6,414000,264000,69000,25000,64.5,97.5,97.4,6,414000,264000,69000,25000,64.5,97.5,97.4,3,207000,132000,69000,25000,64.5,97.5,97.4,7,483000,308000,69000,25000,64.5,97.5,97.4,4,276000,176000,69000,25000,64.5,97.5,97.4,6,414000,264000,69000,25000,64.5,97.5,97.4,5,345000,220000,69000,25000,64.5,97.5,97.4,1,69000,44000,69000,25000,64.5,97.5,97.4,1,69000,44000,69000,25000,64.5,97.5,97.4,3,207000,132000
B1,20171120113303,1,2017,67388,Ke1005,大鎮キムラ建設株式会社,1,28000,22000,64.5,97.5,97.4,0,0,0,28000,22000,64.5,97.5,97.4,0,0,0,28000,22000,64.5,97.5,97.4,0,0,0,28000,22000,64.5,97.5,97.4,0,0,0,28000,22000,64.5,97.5,97.4,0,0,0,28000,22000,64.5,97.5,97.4,0,0,0,28000,22000,64.5,97.5,97.4,1,28000,6000,28000,22000,64.5,97.5,97.4,0,0,0,28000,22000,64.5,97.5,97.4,0,0,0,28000,22000,64.5,97.5,97.4,0,0,0,28000,22000,64.5,97.5,97.4,0,0,0,28000,22000,64.5,97.5,97.4,0,0,0
B1,20171120113303,1,2017,67388,Ke2002,大鎮キムラ建設株式会社,2,40000,0,64.5,97.5,97.4,1,40000,40000,20000,0,64.5,97.5,97.4,2,40000,40000,20000,0,64.5,97.5,97.4,5,100000,100000,20000,0,64.5,97.5,97.4,0,0,0,20000,0,64.5,97.5,97.4,5,100000,100000,20000,0,64.5,97.5,97.4,3,60000,60000,40000,0,64.5,97.5,97.4,4,160000,160000,20000,0,64.5,97.5,97.4,1,20000,20000,20000,0,64.5,97.5,97.4,6,120000,120000,20000,0,64.5,97.5,97.4,1,20000,20000,20000,0,64.5,97.5,97.4,1,20000,20000,20000,0,64.5,97.5,97.4,3,60000,60000
B1,20171120113303,1,2017,68862,Ke1001,株式会社ジョイフルホーム札幌支店,1,50000,22000,57.8,100,97.4,6,300000,168000,50000,22000,57.8,100,97.4,6,300000,168000,50000,22000,57.8,100,97.4,8,400000,224000,50000,22000,57.8,100,97.4,4,200000,112000,50000,22000,57.8,100,97.4,8,400000,224000,50000,22000,57.8,100,97.4,6,300000,168000,50000,22000,57.8,100,97.4,6,300000,168000,50000,22000,57.8,100,97.4,5,250000,140000,50000,22000,57.8,100,97.4,3,150000,84000,50000,22000,57.8,100,97.4,1,50000,28000,50000,22000,57.8,100,97.4,2,100000,56000,50000,22000,57.8,100,97.4,3,150000,84000
B1,20171120113303,1,2017,68862,Ke1002,株式会社ジョイフルホーム札幌支店,1,28000,22000,57.8,100,97.4,0,0,0,28000,22000,57.8,100,97.4,0,0,0,28000,22000,57.8,100,97.4,1,28000,6000,28000,22000,57.8,100,97.4,0,0,0,28000,22000,57.8,100,97.4,0,0,0,28000,22000,57.8,100,97.4,0,0,0,28000,22000,57.8,100,97.4,0,0,0,28000,22000,57.8,100,97.4,0,0,0,28000,22000,57.8,100,97.4,0,0,0,28000,22000,57.8,100,97.4,0,0,0,28000,22000,57.8,100,97.4,0,0,0,28000,22000,57.8,100,97.4,0,0,0
B1,20171120113303,1,2017,68862,Ke1004,株式会社ジョイフルホーム札幌支店,1,30000,0,57.8,100,97.4,0,0,0,30000,0,57.8,100,97.4,0,0,0,30000,0,57.8,100,97.4,1,30000,30000,30000,0,57.8,100,97.4,0,0,0,30000,0,57.8,100,97.4,0,0,0,30000,0,57.8,100,97.4,0,0,0,30000,0,57.8,100,97.4,0,0,0,30000,0,57.8,100,97.4,0,0,0,30000,0,57.8,100,97.4,0,0,0,30000,0,57.8,100,97.4,0,0,0,30000,0,57.8,100,97.4,0,0,0,30000,0,57.8,100,97.4,0,0,0
B1,20171120113303,1,2017,68862,Ke2002,株式会社ジョイフルホーム札幌支店,2,20000,0,57.8,100,97.4,4,80000,80000,20000,0,57.8,100,97.4,0,0,0,20000,0,57.8,100,97.4,5,100000,100000,20000,0,57.8,100,97.4,1,20000,20000,20000,0,57.8,100,97.4,1,20000,20000,20000,0,57.8,100,97.4,4,80000,80000,20000,0,57.8,100,97.4,6,120000,120000,20000,0,57.8,100,97.4,0,0,0,20000,0,57.8,100,97.4,7,140000,140000,20000,0,57.8,100,97.4,3,60000,60000,20000,0,57.8,100,97.4,1,20000,20000,20000,0,57.8,100,97.4,0,0,0
B1,20171120113303,1,2017,60618,Ke1001,竹内建設株式会社,1,65000,25000,40,88.9,100,5,325000,200000,65000,25000,40,88.9,100,2,130000,80000,65000,25000,40,88.9,100,5,325000,200000,65000,25000,40,88.9,100,0,0,0,65000,25000,40,88.9,100,4,260000,160000,65000,25000,40,88.9,100,5,325000,200000,65000,25000,40,88.9,100,4,260000,160000,65000,25000,40,88.9,100,6,390000,240000,65000,25000,40,88.9,100,1,65000,40000,65000,25000,40,88.9,100,2,130000,80000,65000,25000,40,88.9,100,2,130000,80000,65000,25000,40,88.9,100,1,65000,40000
B1,20171120113303,1,2017,60618,Ke1005,竹内建設株式会社,1,28000,22000,40,88.9,100,0,0,0,28000,22000,40,88.9,100,0,0,0,28000,22000,40,88.9,100,0,0,0,28000,22000,40,88.9,100,1,28000,6000,28000,22000,40,88.9,100,0,0,0,28000,22000,40,88.9,100,0,0,0,28000,22000,40,88.9,100,0,0,0,28000,22000,40,88.9,100,0,0,0,28000,22000,40,88.9,100,0,0,0,28000,22000,40,88.9,100,0,0,0,28000,22000,40,88.9,100,0,0,0,28000,22000,40,88.9,100,0,0,0
B1,20171120113303,1,2017,60618,Ke2002,竹内建設株式会社,2,40000,0,40,88.9,100,1,40000,40000,40000,0,40,88.9,100,1,40000,40000,40000,0,40,88.9,100,4,160000,160000,40000,0,40,88.9,100,1,40000,40000,40000,0,40,88.9,100,1,40000,40000,40000,0,40,88.9,100,3,120000,120000,40000,0,40,88.9,100,1,40000,40000,40000,0,40,88.9,100,2,80000,80000,40000,0,40,88.9,100,1,40000,40000,40000,0,40,88.9,100,1,40000,40000,40000,0,40,88.9,100,1,40000,40000,40000,0,40,88.9,100,1,40000,40000
B1,20171120113303,1,2017,69436,Ke1001,株式会社ロゴスホーム苫小牧支店,1,70000,25000,36.4,91.7,81.8,3,210000,135000,70000,25000,36.4,91.7,81.8,1,70000,45000,70000,25000,36.4,91.7,81.8,5,350000,225000,70000,25000,36.4,91.7,81.8,5,350000,225000,70000,25000,36.4,91.7,81.8,4,280000,180000,70000,25000,36.4,91.7,81.8,5,350000,225000,70000,25000,36.4,91.7,81.8,2,140000,90000,70000,25000,36.4,91.7,81.8,2,140000,90000,70000,25000,36.4,91.7,81.8,0,0,0,70000,25000,36.4,91.7,81.8,1,70000,45000,70000,25000,36.4,91.7,81.8,1,70000,45000,70000,25000,36.4,91.7,81.8,2,140000,90000
B1,20171120113303,1,2017,66086,Ke1001,株式会社シーズン,1,75000,25000,33.3,80,0,2,150000,100000,75000,25000,33.3,80,0,1,75000,50000,75000,25000,33.3,80,0,1,75000,50000,75000,25000,33.3,80,0,4,300000,200000,75000,25000,33.3,80,0,1,75000,50000,75000,25000,33.3,80,0,1,75000,50000,75000,25000,33.3,80,0,1,75000,50000,75000,25000,33.3,80,0,1,75000,50000,75000,25000,33.3,80,0,1,75000,50000,75000,25000,33.3,80,0,1,75000,50000,75000,25000,33.3,80,0,2,150000,100000,75000,25000,33.3,80,0,1,75000,50000
B1,20171120113303,1,2017,66558,Ke1001,ユニバーサルホーム札幌豊平店,1,49000,24000,51.7,80,83.3,0,0,0,49000,24000,51.7,80,83.3,2,98000,50000,49000,24000,51.7,80,83.3,2,98000,50000,49000,24000,51.7,80,83.3,2,98000,50000,49000,24000,51.7,80,83.3,2,98000,50000,49000,24000,51.7,80,83.3,0,0,0,49000,24000,51.7,80,83.3,1,49000,25000,49000,24000,51.7,80,83.3,2,98000,50000,49000,24000,51.7,80,83.3,1,49000,25000,49000,24000,51.7,80,83.3,1,49000,25000,49000,24000,51.7,80,83.3,1,49000,25000,49000,24000,51.7,80,83.3,0,0,0
B1,20171120113303,1,2017,66558,Ke2002,ユニバーサルホーム札幌豊平店,2,40000,0,51.7,80,83.3,1,40000,40000,20000,0,51.7,80,83.3,2,40000,40000,20000,0,51.7,80,83.3,3,60000,60000,20000,0,51.7,80,83.3,0,0,0,20000,0,51.7,80,83.3,1,20000,20000,23000,0,51.7,80,83.3,1,23000,23000,20000,0,51.7,80,83.3,1,20000,20000,20000,0,51.7,80,83.3,1,20000,20000,20000,0,51.7,80,83.3,1,20000,20000,20000,0,51.7,80,83.3,2,40000,40000,20000,0,51.7,80,83.3,1,20000,20000,20000,0,51.7,80,83.3,1,20000,20000
B1,20171120113303,1,2017,63792,Ke1001,株式会社大和日建,1,65000,25000,70.6,100,100,3,195000,120000,65000,25000,70.6,100,100,3,195000,120000,65000,25000,70.6,100,100,3,195000,120000,65000,25000,70.6,100,100,3,195000,120000,65000,25000,70.6,100,100,3,195000,120000,65000,25000,70.6,100,100,3,195000,120000,65000,25000,70.6,100,100,3,195000,120000,65000,25000,70.6,100,100,3,195000,120000,65000,25000,70.6,100,100,3,195000,120000,65000,25000,70.6,100,100,2,130000,80000,65000,25000,70.6,100,100,2,130000,80000,65000,25000,70.6,100,100,3,195000,120000
B1,20171120113303,1,2017,63792,Ke1004,株式会社大和日建,1,45000,0,70.6,100,100,0,0,0,45000,0,70.6,100,100,0,0,0,45000,0,70.6,100,100,1,45000,45000,45000,0,70.6,100,100,0,0,0,45000,0,70.6,100,100,0,0,0,45000,0,70.6,100,100,1,45000,45000,45000,0,70.6,100,100,0,0,0,45000,0,70.6,100,100,0,0,0,45000,0,70.6,100,100,0,0,0,45000,0,70.6,100,100,0,0,0,45000,0,70.6,100,100,0,0,0,45000,0,70.6,100,100,0,0,0
B1,20171120113303,1,2017,63792,Ke2002,株式会社大和日建,2,40000,0,70.6,100,100,2,80000,80000,40000,0,70.6,100,100,2,80000,80000,40000,0,70.6,100,100,4,160000,160000,40000,0,70.6,100,100,1,40000,40000,40000,0,70.6,100,100,1,40000,40000,40000,0,70.6,100,100,2,80000,80000,40000,0,70.6,100,100,3,120000,120000,40000,0,70.6,100,100,4,160000,160000,40000,0,70.6,100,100,2,80000,80000,40000,0,70.6,100,100,2,80000,80000,40000,0,70.6,100,100,1,40000,40000,40000,0,70.6,100,100,1,40000,40000
B1,20171120113303,1,2017,64220,Ke1001,イネスホーム株式会社,1,75000,25000,44.8,100,100,2,150000,100000,75000,25000,44.8,100,100,2,150000,100000,75000,25000,44.8,100,100,2,150000,100000,75000,25000,44.8,100,100,6,450000,300000,75000,25000,44.8,100,100,2,150000,100000,75000,25000,44.8,100,100,4,300000,200000,75000,25000,44.8,100,100,5,375000,250000,75000,25000,44.8,100,100,2,150000,100000,75000,25000,44.8,100,100,2,150000,100000,75000,25000,44.8,100,100,0,0,0,75000,25000,44.8,100,100,1,75000,50000,75000,25000,44.8,100,100,1,75000,50000
B1,20171120113303,1,2017,64220,Ke1005,イネスホーム株式会社,1,28000,22000,44.8,100,100,0,0,0,28000,22000,44.8,100,100,0,0,0,28000,22000,44.8,100,100,0,0,0,28000,22000,44.8,100,100,0,0,0,28000,22000,44.8,100,100,0,0,0,28000,22000,44.8,100,100,0,0,0,28000,22000,44.8,100,100,0,0,0,28000,22000,44.8,100,100,1,28000,6000,28000,22000,44.8,100,100,0,0,0,28000,22000,44.8,100,100,0,0,0,28000,22000,44.8,100,100,0,0,0,28000,22000,44.8,100,100,0,0,0
B1,20171120113303,1,2017,64220,Ke2002,イネスホーム株式会社,2,40000,0,44.8,100,100,1,40000,40000,40000,0,44.8,100,100,1,40000,40000,40000,0,44.8,100,100,2,80000,80000,40000,0,44.8,100,100,1,40000,40000,40000,0,44.8,100,100,1,40000,40000,40000,0,44.8,100,100,1,40000,40000,40000,0,44.8,100,100,1,40000,40000,40000,0,44.8,100,100,1,40000,40000,40000,0,44.8,100,100,7,280000,280000,40000,0,44.8,100,100,1,40000,40000,40000,0,44.8,100,100,1,40000,40000,40000,0,44.8,100,100,1,40000,40000
B1,20171120113303,1,2017,64715,Ke1001,株式会社スカイハウス,1,65000,22000,75,100,94.4,2,130000,86000,65000,22000,75,100,94.4,1,65000,43000,65000,22000,75,100,94.4,2,130000,86000,65000,22000,75,100,94.4,3,195000,129000,65000,22000,75,100,94.4,2,130000,86000,65000,22000,75,100,94.4,1,65000,43000,65000,22000,75,100,94.4,3,195000,129000,65000,22000,75,100,94.4,4,260000,172000,65000,22000,75,100,94.4,3,195000,129000,65000,22000,75,100,94.4,0,0,0,65000,22000,75,100,94.4,1,65000,43000,65000,22000,75,100,94.4,0,0,0
B1,20171120113303,1,2017,64715,Ke2002,株式会社スカイハウス,2,40000,0,75,100,94.4,1,40000,40000,40000,0,75,100,94.4,1,40000,40000,40000,0,75,100,94.4,1,40000,40000,40000,0,75,100,94.4,1,40000,40000,40000,0,75,100,94.4,2,80000,80000,40000,0,75,100,94.4,2,80000,80000,40000,0,75,100,94.4,2,80000,80000,40000,0,75,100,94.4,2,80000,80000,40000,0,75,100,94.4,1,40000,40000,40000,0,75,100,94.4,4,160000,160000,40000,0,75,100,94.4,2,80000,80000,40000,0,75,100,94.4,1,40000,40000
B1,20171120113303,1,2017,66118,Ke1001,株式会社渡辺工務店,1,75000,29000,14.8,100,100,0,0,0,75000,29000,14.8,100,100,5,375000,230000,75000,29000,14.8,100,100,4,300000,184000,75000,29000,14.8,100,100,5,375000,230000,75000,29000,14.8,100,100,0,0,0,75000,29000,14.8,100,100,5,375000,230000,75000,29000,14.8,100,100,1,75000,46000,75000,29000,14.8,100,100,2,150000,92000,75000,29000,14.8,100,100,1,75000,46000,75000,29000,14.8,100,100,2,150000,92000,75000,29000,14.8,100,100,0,0,0,75000,29000,14.8,100,100,1,75000,46000
B1,20171120113303,1,2017,66118,Ke1004,株式会社渡辺工務店,1,45000,0,14.8,100,100,0,0,0,45000,0,14.8,100,100,0,0,0,45000,0,14.8,100,100,1,45000,45000,45000,0,14.8,100,100,0,0,0,45000,0,14.8,100,100,0,0,0,45000,0,14.8,100,100,0,0,0,45000,0,14.8,100,100,0,0,0,45000,0,14.8,100,100,0,0,0,45000,0,14.8,100,100,0,0,0,45000,0,14.8,100,100,0,0,0,45000,0,14.8,100,100,0,0,0,45000,0,14.8,100,100,0,0,0
B1,20171120113303,1,2017,66118,Ke1005,株式会社渡辺工務店,1,28000,17000,14.8,100,100,0,0,0,28000,17000,14.8,100,100,0,0,0,28000,17000,14.8,100,100,1,28000,11000,28000,17000,14.8,100,100,1,28000,11000,28000,17000,14.8,100,100,0,0,0,28000,17000,14.8,100,100,0,0,0,28000,17000,14.8,100,100,0,0,0,28000,17000,14.8,100,100,0,0,0,28000,17000,14.8,100,100,0,0,0,28000,17000,14.8,100,100,0,0,0,28000,17000,14.8,100,100,0,0,0,28000,17000,14.8,100,100,0,0,0
B1,20171120113303,1,2017,66118,Ke2002,株式会社渡辺工務店,2,40000,0,14.8,100,100,0,0,0,40000,0,14.8,100,100,1,40000,40000,40000,0,14.8,100,100,1,40000,40000,40000,0,14.8,100,100,1,40000,40000,40000,0,14.8,100,100,1,40000,40000,40000,0,14.8,100,100,1,40000,40000,40000,0,14.8,100,100,1,40000,40000,40000,0,14.8,100,100,1,40000,40000,40000,0,14.8,100,100,1,40000,40000,40000,0,14.8,100,100,1,40000,40000,40000,0,14.8,100,100,1,40000,40000,40000,0,14.8,100,100,1,40000,40000
B1,20171120113303,1,2017,50765,Ke1001,須藤建設株式会社札幌支店,1,70000,23000,33.3,100,50,1,70000,47000,70000,23000,33.3,100,50,0,0,0,70000,23000,33.3,100,50,2,140000,94000,70000,23000,33.3,100,50,3,210000,141000,70000,23000,33.3,100,50,0,0,0,70000,23000,33.3,100,50,1,70000,47000,70000,23000,33.3,100,50,1,70000,47000,70000,23000,33.3,100,50,2,140000,94000,70000,23000,33.3,100,50,0,0,0,70000,23000,33.3,100,50,0,0,0,70000,23000,33.3,100,50,1,70000,47000,70000,23000,33.3,100,50,1,70000,47000
B1,20171120113303,1,2017,50765,Ke2002,須藤建設株式会社札幌支店,2,36000,0,33.3,100,50,1,36000,36000,36000,0,33.3,100,50,1,36000,36000,36000,0,33.3,100,50,1,36000,36000,18000,0,33.3,100,50,1,18000,18000,36000,0,33.3,100,50,1,36000,36000,18000,0,33.3,100,50,1,18000,18000,18000,0,33.3,100,50,1,18000,18000,18000,0,33.3,100,50,1,18000,18000,18000,0,33.3,100,50,1,18000,18000,18000,0,33.3,100,50,1,18000,18000,18000,0,33.3,100,50,1,18000,18000,18000,0,33.3,100,50,1,18000,18000
B1,20171120113303,1,2017,69134,Ke1001,エイベルホーム株式会社,1,80000,25000,0,0,0,3,240000,165000,80000,25000,0,0,0,3,240000,165000,80000,25000,0,0,0,3,240000,165000,80000,25000,0,0,0,3,240000,165000,80000,25000,0,0,0,3,240000,165000,80000,25000,0,0,0,3,240000,165000,80000,25000,0,0,0,3,240000,165000,80000,25000,0,0,0,3,240000,165000,80000,25000,0,0,0,2,160000,110000,80000,25000,0,0,0,2,160000,110000,80000,25000,0,0,0,2,160000,110000,80000,25000,0,0,0,3,240000,165000
B1,20171120113303,1,2017,69134,Ke1005,エイベルホーム株式会社,1,37000,25000,0,0,0,0,0,0,37000,25000,0,0,0,1,37000,12000,37000,25000,0,0,0,0,0,0,37000,25000,0,0,0,0,0,0,37000,25000,0,0,0,2,74000,24000,37000,25000,0,0,0,1,37000,12000,37000,25000,0,0,0,1,37000,12000,37000,25000,0,0,0,0,0,0,37000,25000,0,0,0,2,74000,24000,37000,25000,0,0,0,0,0,0,37000,25000,0,0,0,0,0,0,37000,25000,0,0,0,0,0,0
B1,20171120113303,1,2017,63942,Ke1001,ｾﾙｺﾎｰﾑ札幌南 株式会社ｽｶｲﾊｳｽ,1,56000,22000,64.3,100,90,3,168000,102000,56000,22000,64.3,100,90,1,56000,34000,56000,22000,64.3,100,90,2,112000,68000,56000,22000,64.3,100,90,1,56000,34000,56000,22000,64.3,100,90,2,112000,68000,56000,22000,64.3,100,90,1,56000,34000,56000,22000,64.3,100,90,1,56000,34000,56000,22000,64.3,100,90,1,56000,34000,56000,22000,64.3,100,90,0,0,0,56000,22000,64.3,100,90,0,0,0,56000,22000,64.3,100,90,1,56000,34000,56000,22000,64.3,100,90,0,0,0
B1,20171120113303,1,2017,63942,Ke1002,ｾﾙｺﾎｰﾑ札幌南 株式会社ｽｶｲﾊｳｽ,1,28000,22000,64.3,100,90,0,0,0,28000,22000,64.3,100,90,0,0,0,28000,22000,64.3,100,90,1,28000,6000,28000,22000,64.3,100,90,0,0,0,28000,22000,64.3,100,90,0,0,0,28000,22000,64.3,100,90,0,0,0,28000,22000,64.3,100,90,0,0,0,28000,22000,64.3,100,90,0,0,0,28000,22000,64.3,100,90,0,0,0,28000,22000,64.3,100,90,0,0,0,28000,22000,64.3,100,90,0,0,0,28000,22000,64.3,100,90,0,0,0
B1,20171120113303,1,2017,63942,Ke1005,ｾﾙｺﾎｰﾑ札幌南 株式会社ｽｶｲﾊｳｽ,1,28000,22000,64.3,100,90,0,0,0,28000,22000,64.3,100,90,0,0,0,28000,22000,64.3,100,90,0,0,0,28000,22000,64.3,100,90,0,0,0,28000,22000,64.3,100,90,0,0,0,28000,22000,64.3,100,90,1,28000,6000,28000,22000,64.3,100,90,0,0,0,28000,22000,64.3,100,90,0,0,0,28000,22000,64.3,100,90,0,0,0,28000,22000,64.3,100,90,0,0,0,28000,22000,64.3,100,90,0,0,0,28000,22000,64.3,100,90,0,0,0
B1,20171120113303,1,2017,63942,Ke2002,ｾﾙｺﾎｰﾑ札幌南 株式会社ｽｶｲﾊｳｽ,2,40000,0,64.3,100,90,1,40000,40000,40000,0,64.3,100,90,1,40000,40000,40000,0,64.3,100,90,1,40000,40000,40000,0,64.3,100,90,1,40000,40000,40000,0,64.3,100,90,1,40000,40000,40000,0,64.3,100,90,1,40000,40000,40000,0,64.3,100,90,1,40000,40000,40000,0,64.3,100,90,1,40000,40000,40000,0,64.3,100,90,1,40000,40000,40000,0,64.3,100,90,1,40000,40000,40000,0,64.3,100,90,1,40000,40000,40000,0,64.3,100,90,1,40000,40000
B1,20171120113303,1,2017,68307,Ke1001,株式会社リヨ・デ・ホーム,1,75000,25000,53.8,85.7,100,2,150000,100000,75000,25000,53.8,85.7,100,2,150000,100000,75000,25000,53.8,85.7,100,2,150000,100000,75000,25000,53.8,85.7,100,2,150000,100000,75000,25000,53.8,85.7,100,2,150000,100000,75000,25000,53.8,85.7,100,2,150000,100000,75000,25000,53.8,85.7,100,2,150000,100000,75000,25000,53.8,85.7,100,2,150000,100000,75000,25000,53.8,85.7,100,2,150000,100000,75000,25000,53.8,85.7,100,2,150000,100000,75000,25000,53.8,85.7,100,1,75000,50000,75000,25000,53.8,85.7,100,2,150000,100000
B1,20171120113303,1,2017,68307,Ke1004,株式会社リヨ・デ・ホーム,1,50000,0,53.8,85.7,100,0,0,0,50000,0,53.8,85.7,100,0,0,0,50000,0,53.8,85.7,100,0,0,0,50000,0,53.8,85.7,100,0,0,0,50000,0,53.8,85.7,100,0,0,0,50000,0,53.8,85.7,100,0,0,0,50000,0,53.8,85.7,100,0,0,0,50000,0,53.8,85.7,100,0,0,0,50000,0,53.8,85.7,100,0,0,0,50000,0,53.8,85.7,100,0,0,0,50000,0,53.8,85.7,100,1,50000,50000,50000,0,53.8,85.7,100,0,0,0
B1,20171120113303,1,2017,68307,Ke2002,株式会社リヨ・デ・ホーム,2,40000,0,53.8,85.7,100,1,40000,40000,40000,0,53.8,85.7,100,1,40000,40000,40000,0,53.8,85.7,100,1,40000,40000,40000,0,53.8,85.7,100,1,40000,40000,40000,0,53.8,85.7,100,1,40000,40000,40000,0,53.8,85.7,100,1,40000,40000,40000,0,53.8,85.7,100,1,40000,40000,40000,0,53.8,85.7,100,1,40000,40000,40000,0,53.8,85.7,100,1,40000,40000,40000,0,53.8,85.7,100,1,40000,40000,40000,0,53.8,85.7,100,1,40000,40000,40000,0,53.8,85.7,100,1,40000,40000
B1,20171120113303,1,2017,51968,Ke1001,ユニバーサルホーム札幌南店,1,50000,24000,35,100,100,0,0,0,50000,24000,35,100,100,2,100000,52000,50000,24000,35,100,100,4,200000,104000,50000,24000,35,100,100,0,0,0,50000,24000,35,100,100,0,0,0,50000,24000,35,100,100,2,100000,52000,50000,24000,35,100,100,5,250000,130000,50000,24000,35,100,100,3,150000,78000,50000,24000,35,100,100,1,50000,26000,50000,24000,35,100,100,1,50000,26000,50000,24000,35,100,100,2,100000,52000,50000,24000,35,100,100,0,0,0
B1,20171120113303,1,2017,51968,Ke2002,ユニバーサルホーム札幌南店,2,20000,0,35,100,100,2,40000,40000,20000,0,35,100,100,1,20000,20000,20000,0,35,100,100,1,20000,20000,20000,0,35,100,100,1,20000,20000,20000,0,35,100,100,1,20000,20000,20000,0,35,100,100,1,20000,20000,20000,0,35,100,100,1,20000,20000,20000,0,35,100,100,1,20000,20000,20000,0,35,100,100,1,20000,20000,20000,0,35,100,100,1,20000,20000,20000,0,35,100,100,1,20000,20000,20000,0,35,100,100,1,20000,20000
B1,20171120113303,1,2017,63859,Ke1001,株式会社生杉建設,1,90000,25000,0,0,0,2,180000,130000,90000,25000,0,0,0,2,180000,130000,90000,25000,0,0,0,2,180000,130000,90000,25000,0,0,0,2,180000,130000,90000,25000,0,0,0,2,180000,130000,90000,25000,0,0,0,2,180000,130000,90000,25000,0,0,0,2,180000,130000,90000,25000,0,0,0,2,180000,130000,90000,25000,0,0,0,2,180000,130000,90000,25000,0,0,0,1,90000,65000,90000,25000,0,0,0,1,90000,65000,90000,25000,0,0,0,2,180000,130000
B1,20171120113303,1,2017,63859,Ke1005,株式会社生杉建設,1,45000,25000,0,0,0,1,45000,20000,45000,25000,0,0,0,0,0,0,45000,25000,0,0,0,0,0,0,45000,25000,0,0,0,0,0,0,45000,25000,0,0,0,0,0,0,45000,25000,0,0,0,0,0,0,45000,25000,0,0,0,0,0,0,45000,25000,0,0,0,2,90000,40000,45000,25000,0,0,0,0,0,0,45000,25000,0,0,0,0,0,0,45000,25000,0,0,0,0,0,0,45000,25000,0,0,0,0,0,0
B1,20171120113303,1,2017,69935,Ke1001,アイビーホーム株式会社,1,70000,25000,0,0,0,2,140000,90000,70000,25000,0,0,0,2,140000,90000,70000,25000,0,0,0,2,140000,90000,70000,25000,0,0,0,2,140000,90000,70000,25000,0,0,0,2,140000,90000,70000,25000,0,0,0,2,140000,90000,70000,25000,0,0,0,2,140000,90000,70000,25000,0,0,0,2,140000,90000,70000,25000,0,0,0,2,140000,90000,70000,25000,0,0,0,1,70000,45000,70000,25000,0,0,0,1,70000,45000,70000,25000,0,0,0,2,140000,90000
B1,20171120113303,1,2017,69935,Ke2002,アイビーホーム株式会社,2,40000,0,0,0,0,1,40000,40000,40000,0,0,0,0,1,40000,40000,40000,0,0,0,0,1,40000,40000,40000,0,0,0,0,1,40000,40000,40000,0,0,0,0,1,40000,40000,40000,0,0,0,0,1,40000,40000,40000,0,0,0,0,1,40000,40000,40000,0,0,0,0,1,40000,40000,40000,0,0,0,0,1,40000,40000,40000,0,0,0,0,1,40000,40000,40000,0,0,0,0,1,40000,40000,40000,0,0,0,0,1,40000,40000
B1,20171120113303,1,2017,52875,Ke1001,株式会社ﾛｺﾞｽﾎｰﾑ ﾊｳｼﾞﾝｸﾞｶﾌｪ函館,1,60000,23000,50,50,0,1,60000,37000,60000,23000,50,50,0,1,60000,37000,60000,23000,50,50,0,1,60000,37000,60000,23000,50,50,0,1,60000,37000,60000,23000,50,50,0,1,60000,37000,60000,23000,50,50,0,1,60000,37000,60000,23000,50,50,0,1,60000,37000,60000,23000,50,50,0,1,60000,37000,60000,23000,50,50,0,1,60000,37000,60000,23000,50,50,0,1,60000,37000,60000,23000,50,50,0,2,120000,74000,60000,23000,50,50,0,1,60000,37000
B1,20171120113303,1,2017,63706,Ke1001,ユニバーサルホーム札幌東店,1,50000,23000,61.1,100,100,1,50000,27000,50000,23000,61.1,100,100,0,0,0,50000,23000,61.1,100,100,0,0,0,50000,23000,61.1,100,100,1,50000,27000,50000,23000,61.1,100,100,5,250000,135000,50000,23000,61.1,100,100,1,50000,27000,50000,23000,61.1,100,100,2,100000,54000,50000,23000,61.1,100,100,2,100000,54000,50000,23000,61.1,100,100,1,50000,27000,50000,23000,61.1,100,100,1,50000,27000,50000,23000,61.1,100,100,1,50000,27000,50000,23000,61.1,100,100,0,0,0
B1,20171120113303,1,2017,63706,Ke2002,ユニバーサルホーム札幌東店,2,40000,0,61.1,100,100,0,0,0,40000,0,61.1,100,100,1,40000,40000,40000,0,61.1,100,100,1,40000,40000,40000,0,61.1,100,100,1,40000,40000,40000,0,61.1,100,100,1,40000,40000,40000,0,61.1,100,100,1,40000,40000,40000,0,61.1,100,100,1,40000,40000,40000,0,61.1,100,100,1,40000,40000,40000,0,61.1,100,100,1,40000,40000,40000,0,61.1,100,100,1,40000,40000,40000,0,61.1,100,100,1,40000,40000,40000,0,61.1,100,100,1,40000,40000
B1,20171120113303,1,2017,51839,Ke1001,大鎮キムラ建設株式会社,1,68000,25000,18.2,100,100,1,68000,43000,68000,25000,18.2,100,100,1,68000,43000,68000,25000,18.2,100,100,1,68000,43000,68000,25000,18.2,100,100,1,68000,43000,68000,25000,18.2,100,100,1,68000,43000,68000,25000,18.2,100,100,1,68000,43000,68000,25000,18.2,100,100,1,68000,43000,68000,25000,18.2,100,100,1,68000,43000,68000,25000,18.2,100,100,1,68000,43000,68000,25000,18.2,100,100,1,68000,43000,68000,25000,18.2,100,100,1,68000,43000,68000,25000,18.2,100,100,1,68000,43000
B1,20171120113303,1,2017,51839,Ke2002,大鎮キムラ建設株式会社,2,20000,0,18.2,100,100,1,20000,20000,20000,0,18.2,100,100,1,20000,20000,20000,0,18.2,100,100,1,20000,20000,20000,0,18.2,100,100,1,20000,20000,20000,0,18.2,100,100,1,20000,20000,20000,0,18.2,100,100,1,20000,20000,20000,0,18.2,100,100,1,20000,20000,20000,0,18.2,100,100,1,20000,20000,20000,0,18.2,100,100,1,20000,20000,20000,0,18.2,100,100,1,20000,20000,20000,0,18.2,100,100,1,20000,20000,20000,0,18.2,100,100,1,20000,20000
B1,20171120113303,1,2017,65193,Ke1001,須藤建設株式会社,1,70000,22000,0,0,0,0,0,0,70000,22000,0,0,0,0,0,0,70000,22000,0,0,0,2,140000,96000,70000,22000,0,0,0,0,0,0,70000,22000,0,0,0,0,0,0,70000,22000,0,0,0,0,0,0,70000,22000,0,0,0,0,0,0,70000,22000,0,0,0,1,70000,48000,70000,22000,0,0,0,0,0,0,70000,22000,0,0,0,0,0,0,70000,22000,0,0,0,0,0,0,70000,22000,0,0,0,0,0,0
B1,20171120113303,1,2017,65193,Ke1004,須藤建設株式会社,1,45000,0,0,0,0,0,0,0,45000,0,0,0,0,0,0,0,45000,0,0,0,0,2,90000,90000,45000,0,0,0,0,1,45000,45000,45000,0,0,0,0,0,0,0,45000,0,0,0,0,0,0,0,45000,0,0,0,0,0,0,0,45000,0,0,0,0,0,0,0,45000,0,0,0,0,0,0,0,45000,0,0,0,0,0,0,0,45000,0,0,0,0,0,0,0,45000,0,0,0,0,0,0,0
B1,20171120113303,1,2017,63502,Ke1001,株式会社住まいのクワザワ函館支店,1,70000,25000,0,0,0,1,70000,45000,70000,25000,0,0,0,1,70000,45000,70000,25000,0,0,0,1,70000,45000,70000,25000,0,0,0,1,70000,45000,70000,25000,0,0,0,1,70000,45000,70000,25000,0,0,0,1,70000,45000,70000,25000,0,0,0,1,70000,45000,70000,25000,0,0,0,1,70000,45000,70000,25000,0,0,0,1,70000,45000,70000,25000,0,0,0,0,0,0,70000,25000,0,0,0,0,0,0,70000,25000,0,0,0,1,70000,45000
B1,20171120113303,1,2017,63502,Ke1004,株式会社住まいのクワザワ函館支店,1,45000,0,0,0,0,0,0,0,45000,0,0,0,0,0,0,0,45000,0,0,0,0,0,0,0,45000,0,0,0,0,1,45000,45000,45000,0,0,0,0,2,90000,90000,45000,0,0,0,0,0,0,0,45000,0,0,0,0,0,0,0,45000,0,0,0,0,0,0,0,45000,0,0,0,0,1,45000,45000,45000,0,0,0,0,0,0,0,45000,0,0,0,0,0,0,0,45000,0,0,0,0,0,0,0
B1,20171120113303,1,2017,63502,Ke2002,株式会社住まいのクワザワ函館支店,2,40000,0,0,0,0,1,40000,40000,40000,0,0,0,0,1,40000,40000,40000,0,0,0,0,1,40000,40000,40000,0,0,0,0,1,40000,40000,40000,0,0,0,0,1,40000,40000,40000,0,0,0,0,1,40000,40000,40000,0,0,0,0,1,40000,40000,40000,0,0,0,0,1,40000,40000,40000,0,0,0,0,1,40000,40000,40000,0,0,0,0,1,40000,40000,40000,0,0,0,0,1,40000,40000,40000,0,0,0,0,1,40000,40000
B1,20171120113303,1,2017,64494,Ke1004,株式会社宇佐美建設,1,45000,0,0,0,0,1,45000,45000,45000,0,0,0,0,0,0,0,45000,0,0,0,0,1,45000,45000,45000,0,0,0,0,0,0,0,45000,0,0,0,0,0,0,0,45000,0,0,0,0,0,0,0,45000,0,0,0,0,0,0,0,45000,0,0,0,0,0,0,0,45000,0,0,0,0,0,0,0,45000,0,0,0,0,0,0,0,45000,0,0,0,0,0,0,0,45000,0,0,0,0,0,0,0
B1,20171120113303,1,2017,52354,Ke1001,大鎮キムラ建設株式会社,1,70000,25000,0,0,0,1,70000,45000,70000,25000,0,0,0,1,70000,45000,70000,25000,0,0,0,1,70000,45000,70000,25000,0,0,0,1,70000,45000,70000,25000,0,0,0,1,70000,45000,70000,25000,0,0,0,1,70000,45000,70000,25000,0,0,0,1,70000,45000,70000,25000,0,0,0,1,70000,45000,70000,25000,0,0,0,1,70000,45000,70000,25000,0,0,0,1,70000,45000,70000,25000,0,0,0,1,70000,45000,70000,25000,0,0,0,1,70000,45000
B1,20171120113303,1,2017,53541,Ke1002,建成ホーム株式会社札幌オフィス,1,35000,22000,0,0,0,1,35000,13000,35000,22000,0,0,0,1,35000,13000,35000,22000,0,0,0,1,35000,13000,35000,22000,0,0,0,1,35000,13000,35000,22000,0,0,0,1,35000,13000,35000,22000,0,0,0,1,35000,13000,35000,22000,0,0,0,1,35000,13000,35000,22000,0,0,0,1,35000,13000,35000,22000,0,0,0,1,35000,13000,35000,22000,0,0,0,0,0,0,35000,22000,0,0,0,0,0,0,35000,22000,0,0,0,1,35000,13000
B1,20171120113303,1,2017,53541,Ke1004,建成ホーム株式会社札幌オフィス,1,55000,0,0,0,0,0,0,0,55000,0,0,0,0,0,0,0,55000,0,0,0,0,0,0,0,55000,0,0,0,0,0,0,0,55000,0,0,0,0,1,55000,55000,55000,0,0,0,0,0,0,0,55000,0,0,0,0,0,0,0,55000,0,0,0,0,0,0,0,55000,0,0,0,0,0,0,0,55000,0,0,0,0,0,0,0,55000,0,0,0,0,0,0,0,55000,0,0,0,0,0,0,0
B1,20171120113303,1,2017,64489,Ke1002,株式会社住まいのウチイケ,1,0,0,0,0,0,0,0,0,0,0,0,0,0,0,0,0,30000,22000,0,0,0,1,30000,8000,30000,22000,0,0,0,1,30000,8000,30000,22000,0,0,0,1,30000,8000,30000,22000,0,0,0,1,30000,8000,30000,22000,0,0,0,1,30000,8000,30000,22000,0,0,0,1,30000,8000,30000,22000,0,0,0,1,30000,8000,30000,22000,0,0,0,1,30000,8000,30000,22000,0,0,0,1,30000,8000,30000,22000,0,0,0,1,30000,8000
B1,20171120113303,1,2017,65179,Ke1001,東陽ハウス株式会社,1,0,0,0,0,0,0,0,0,0,0,0,0,0,0,0,0,0,0,0,0,0,0,0,0,0,0,0,0,0,0,0,0,0,0,0,0,0,0,0,0,70000,25000,0,0,0,1,70000,45000,70000,25000,0,0,0,1,70000,45000,70000,25000,0,0,0,1,70000,45000,70000,25000,0,0,0,1,70000,45000,70000,25000,0,0,0,0,0,0,70000,25000,0,0,0,0,0,0,70000,25000,0,0,0,1,70000,45000
B1,20171120113303,1,2017,67771,Ke1001,株式会社土屋ホーム,1,0,0,0,0,0,0,0,0,0,0,0,0,0,0,0,0,0,0,0,0,0,0,0,0,0,0,0,0,0,0,0,0,0,0,0,0,0,0,0,0,0,0,0,0,0,0,0,0,50000,20000,0,0,0,2,100000,60000,50000,20000,0,0,0,3,150000,90000,50000,20000,0,0,0,3,150000,90000,50000,20000,0,0,0,0,0,0,50000,20000,0,0,0,3,150000,90000,50000,20000,0,0,0,3,150000,90000
B1,20171120113303,1,2017,68616,Ke1001,株式会社国木ハウス苫小牧営業所,1,73000,25000,0,0,0,1,73000,48000,73000,25000,0,0,0,1,73000,48000,73000,25000,0,0,0,1,73000,48000,73000,25000,0,0,0,1,73000,48000,73000,25000,0,0,0,1,73000,48000,73000,25000,0,0,0,1,73000,48000,73000,25000,0,0,0,1,73000,48000,73000,25000,0,0,0,1,73000,48000,73000,25000,0,0,0,1,73000,48000,73000,25000,0,0,0,0,0,0,73000,25000,0,0,0,0,0,0,73000,25000,0,0,0,1,73000,48000
B1,20171120113303,1,2017,68768,Ke1001,株式会社札都,1,75000,25000,0,0,0,1,75000,50000,75000,25000,0,0,0,1,75000,50000,75000,25000,0,0,0,1,75000,50000,75000,25000,0,0,0,1,75000,50000,75000,25000,0,0,0,1,75000,50000,75000,25000,0,0,0,1,75000,50000,75000,25000,0,0,0,1,75000,50000,75000,25000,0,0,0,1,75000,50000,75000,25000,0,0,0,1,75000,50000,75000,25000,0,0,0,1,75000,50000,75000,25000,0,0,0,1,75000,50000,75000,25000,0,0,0,1,75000,50000
B1,20171120113303,1,2017,68768,Ke2002,株式会社札都,2,40000,0,0,0,0,1,40000,40000,40000,0,0,0,0,1,40000,40000,40000,0,0,0,0,1,40000,40000,40000,0,0,0,0,1,40000,40000,40000,0,0,0,0,1,40000,40000,40000,0,0,0,0,1,40000,40000,40000,0,0,0,0,1,40000,40000,40000,0,0,0,0,1,40000,40000,40000,0,0,0,0,1,40000,40000,40000,0,0,0,0,1,40000,40000,40000,0,0,0,0,1,40000,40000,40000,0,0,0,0,1,40000,40000
B1,20171120113303,1,2017,69599,Ke1001,住研ハウス株式会社,1,0,0,0,0,0,0,0,0,0,0,0,0,0,0,0,0,0,0,0,0,0,0,0,0,80000,27000,0,0,0,1,80000,53000,0,0,0,0,0,0,0,0,80000,28000,0,0,0,1,80000,52000,0,0,0,0,0,0,0,0,80000,28000,0,0,0,1,80000,52000,0,0,0,0,0,0,0,0,0,0,0,0,0,0,0,0,0,0,0,0,0,0,0,0,80000,28000,0,0,0,1,80000,52000
B1,20171120113303,1,2017,00002251,Ke1002,ケント・ハウス株式会社,1,35000,21000,0,0,0,1,35000,14000,35000,21000,0,0,0,1,35000,14000,35000,21000,0,0,0,1,35000,14000,35000,21000,0,0,0,1,35000,14000,35000,21000,0,0,0,1,35000,14000,35000,21000,0,0,0,1,35000,14000,35000,21000,0,0,0,1,35000,14000,35000,21000,0,0,0,1,35000,14000,35000,21000,0,0,0,1,35000,14000,35000,21000,0,0,0,1,35000,14000,35000,21000,0,0,0,1,35000,14000,35000,21000,0,0,0,1,35000,14000
B1,20171120113303,1,2017,00003783,Ke1004,北海道ハウス株式会社,1,0,0,0,0,0,0,0,0,0,0,0,0,0,0,0,0,0,0,0,0,0,0,0,0,45000,0,0,0,0,1,45000,45000,0,0,0,0,0,0,0,0,45000,1,0,0,0,0,0,0,45000,0,0,0,0,1,45000,45000,45000,0,0,0,0,1,45000,45000,45000,0,0,0,0,1,45000,45000,0,0,0,0,0,0,0,0,0,0,0,0,0,0,0,0,45000,0,0,0,0,1,45000,45000
B1,20171120113303,2,2017,99170000,Ke1001,北海道_中村嘉_その他加盟店,1,50000,18000,0,0,0,25,1250000,800000,57000,19000,0,0,0,39,2223000,1482000,53000,19000,0,0,0,9,477000,306000,61000,22000,0,0,0,19,1159000,741000,53000,18000,0,0,0,18,954000,630000,72000,23000,0,0,0,28,2016000,1372000,52000,17000,0,0,0,19,988000,665000,44000,17000,0,0,0,15,660000,405000,65000,22000,0,0,0,11,715000,473000,55000,22000,0,0,0,16,880000,528000,62000,22000,0,0,0,16,992000,640000,58000,22000,0,0,0,39,2262000,1404000
B1,20171120113303,2,2017,99170000,Ke1002,北海道_中村嘉_その他加盟店,1,27000,20000,0,0,0,1,27000,7000,53000,10000,0,0,0,1,53000,43000,30000,11000,0,0,0,1,30000,19000,39000,8000,0,0,0,1,39000,31000,38000,24000,0,0,0,1,38000,14000,43000,12000,0,0,0,1,43000,31000,26000,7000,0,0,0,1,26000,19000,17000,13000,0,0,0,1,17000,4000,30000,18000,0,0,0,1,30000,12000,42000,12000,0,0,0,1,42000,30000,43000,16000,0,0,0,1,43000,27000,68000,21000,0,0,0,1,68000,47000
B1,20171120113303,2,2017,99170000,Ke9008,北海道_中村嘉_その他加盟店,3,14000,9000,0,0,0,2,28000,10000,16000,9000,0,0,0,5,80000,35000,17000,10000,0,0,0,4,68000,28000,15000,9000,0,0,0,8,120000,48000,15000,9000,0,0,0,7,105000,42000,14000,8000,0,0,0,14,196000,84000,14000,8000,0,0,0,14,196000,84000,13000,8000,0,0,0,16,208000,80000,14000,8000,0,0,0,21,294000,126000,14000,8000,0,0,0,15,210000,90000,13000,7000,0,0,0,19,247000,114000,14000,8000,0,0,0,21,294000,126000
B1,20171120113303,2,2017,99170000,Ke9020,北海道_中村嘉_その他加盟店,3,0,0,0,0,0,0,0,0,2000,1000,0,0,0,1,2000,1000,2000,1000,0,0,0,1,2000,1000,12000,4000,0,0,0,1,12000,8000,8000,2000,0,0,0,1,8000,6000,11000,6000,0,0,0,1,11000,5000,19000,11000,0,0,0,1,19000,8000,29000,8000,0,0,0,1,29000,21000,18000,10000,0,0,0,1,18000,8000,14000,8000,0,0,0,1,14000,6000,29000,25000,0,0,0,1,29000,4000,17000,9000,0,0,0,1,17000,8000
B1,20171120113303,2,2017,99170000,Ke2001,北海道_中村嘉_その他加盟店,2,279000,186000,0,0,0,1,279000,93000,446000,385000,0,0,0,1,446000,61000,336000,228000,0,0,0,1,336000,108000,405000,234000,0,0,0,1,405000,171000,288000,121000,0,0,0,1,288000,167000,617000,334000,0,0,0,1,617000,283000,163000,76000,0,0,0,1,163000,87000,233000,67000,0,0,0,1,233000,166000,250000,67000,0,0,0,1,250000,183000,367000,271000,0,0,0,1,367000,96000,488000,409000,0,0,0,1,488000,79000,590000,452000,0,0,0,1,590000,138000
B1,20171120113303,2,2017,99170000,Ke2002,北海道_中村嘉_その他加盟店,2,11000,0,0,0,0,1,11000,11000,32000,0,0,0,0,1,32000,32000,29000,0,0,0,0,1,29000,29000,4000,0,0,0,0,1,4000,4000,30000,0,0,0,0,1,30000,30000,0,0,0,0,0,0,0,0,18000,0,0,0,0,1,18000,18000,26000,0,0,0,0,1,26000,26000,35000,0,0,0,0,1,35000,35000,24000,0,0,0,0,1,24000,24000,11000,0,0,0,0,1,11000,11000,12000,0,0,0,0,1,12000,12000
